videoId,title,published_at,duration_sec,views,likes,comments
SooHwC2S1iI,▶️ [REPLAY]  - La carte de l'IA | Partie 2,2024-10-06 19:13:49+00:00,4670.0,29657,1172,65
mT6NnslbNLM,▶️ [REPLAY] - La carte de l'IA | Partie 1,2024-10-04 18:19:29+00:00,4112.0,53007,2726,192
SgPQe2orwAk,JE SUIS DE RETOUR ! 🚀 (et j'ai une surprise pour vous...),2024-08-22 08:23:28+00:00,193.0,40582,3755,663
Je4TH0wpgQc,Comment Développer une IA capable de créer des personnages de Manga ?,2022-09-20 06:45:00+00:00,57.0,27479,1313,26
n3OksLuPpVI,Comment développer une IA pour détecter une Fraude Bancaire,2022-09-14 07:19:37+00:00,60.0,22834,1241,18
W-LTs0e1bPk,"Deep Fake, Comment ça marche ?",2022-09-06 09:14:38+00:00,57.0,25480,1357,20
Y3Pb_ImVPlE,COMMENT DÉVELOPPER UNE IA CAPABLE DE PEINDRE UN PORTRAIT DE VOUS,2022-09-01 06:59:10+00:00,57.0,25352,1512,12
KUrHHlVWSkQ,Comment prédire l'évolution du Climat grâce à l'intelligence Artificielle,2022-08-11 07:01:30+00:00,60.0,16195,943,25
vnKbVNpgMkc,Comment développer un algorithme de détection de risque cardio-vasculaire ?,2022-08-10 07:00:17+00:00,60.0,15399,900,14
WK3hD9XbMNc,Comment développer une Intelligence Artificielle qui compose de la musique,2022-08-09 07:00:10+00:00,60.0,12879,760,8
fAjH01g2ovc,Comment développer un programme de reconnaissance vocale ?,2022-08-08 07:00:16+00:00,59.0,20806,1355,26
vf0pxcc3foU,Comment développer une Intelligence Artificielle capable de faire du Trading ?,2022-08-06 07:00:30+00:00,56.0,36454,1968,42
2oPA6o0jcBg,Comment développer une Intelligence Artificielle capable de conduire une Voiture Autonome?,2022-08-05 07:00:02+00:00,60.0,22058,1537,16
TuyykyS8qBQ,Comment développer un programme d'Analyse de Sentiments ?,2022-08-04 07:00:10+00:00,60.0,14976,1043,22
GXk6CRb8NYE,Comment développer un algorithme de Reconnaissance Faciale ?,2022-08-03 07:00:04+00:00,58.0,66891,3917,57
V8qWRBeD1tU,Comment développer un Réseau de Neurones avec Python?,2022-08-02 07:00:17+00:00,59.0,24325,2000,36
89Fo1aaqju0,Comment développer votre premier programme d’intelligence artificielle ?,2022-08-01 07:05:01+00:00,60.0,123593,6772,85
4NRLysodIwY,RÉSEAU DE NEURONES PROFOND - DEEP LEARNING 10,2022-04-08 14:00:03+00:00,1619.0,105932,3155,536
LXvSdSKw9dk,PROGRAMMER UN RÉSEAU DE NEURONES à 2 COUCHES - DEEP LEARNING 9,2022-02-25 14:00:09+00:00,1352.0,98548,1851,192
lglt8BZ6Ld4,La BACK-PROPAGATION - DEEP LEARNING 8,2022-02-13 09:00:21+00:00,1916.0,87420,1649,183
YMP-lU-xqyc,RÉSEAU DE NEURONES (2 COUCHES) - DEEP LEARNING 7,2022-02-06 09:00:25+00:00,1469.0,120171,2936,203
irGkDR4Zl0A,NEURONE ARTIFICIEL - CHAT VS CHIEN - DEEP LEARNING 6,2021-11-06 08:47:34+00:00,3509.0,152679,5396,718
5TpBe7KTAHE,PROGRAMMATION d'un NEURONE ARTIFICIEL (DEEP LEARNING 5),2021-10-20 07:48:07+00:00,2336.0,224103,4521,549
P6q_w-4H6pY,La VECTORISATION des équations - DEEP LEARNING (04),2021-10-03 08:00:05+00:00,1226.0,168674,5378,416
JtmzCiVKAR4,LES GRADIENTS D'UN NEURONE - DEEP LEARNING (03),2021-06-13 08:00:04+00:00,2032.0,233526,6064,635
VlMm4VZ6lk4,LE PERCEPTRON - DEEP LEARNING (02),2021-06-06 08:00:16+00:00,1485.0,414504,11830,895
XUFLq6dKQok,FORMATION DEEP LEARNING COMPLETE (2021),2021-04-25 08:00:21+00:00,1857.0,1282515,44728,3427
L2OSs2Jgm7Y,"Machine Learnia, La suite commence ici.",2021-04-17 13:54:34+00:00,764.0,31932,2235,593
4mqKmTbAnHY,Comment CHOISIR LE BON MODÈLE de Machine Learning ?,2020-09-02 08:06:03+00:00,1271.0,118700,4698,434
MGg318fNSDI,ERREURS Python : Comment les corriger FACILEMENT ?,2020-08-09 17:13:09+00:00,3101.0,25340,773,167
6ThM6GVSzNI,Apprendre le Machine Learning : Que faire maintenant ??? (30/30),2020-06-07 08:00:02+00:00,430.0,50312,2299,486
r58meM7ieaQ,MODÈLE DE MACHINE LEARNING - Covid19 (29/30),2020-05-24 08:00:22+00:00,2212.0,76030,1128,234
x8yu8sq8mdw,PRÉ-TRAITEMENT DE DONNÉES avec Python (28/30),2020-05-17 08:00:28+00:00,2696.0,126861,1984,266
u64sWJEP4S0,EXPLORATORY DATA ANALYSIS - CORRIGÉ (27/30),2020-05-10 08:00:30+00:00,3973.0,145483,2415,484
1bJYEE9qgS4,DATA SCIENCE ET DÉMARCHE DE TRAVAIL (26/30),2020-05-02 08:14:07+00:00,1017.0,80473,1914,188
7C_YpudYtw8,"ENSEMBLE LEARNING : BAGGING, BOOSTING et STACKING (25/30)",2020-04-21 12:00:06+00:00,1557.0,101364,2499,369
FTtzd31IAOw,APPRENTISSAGE NON-SUPERVISÉ avec Python (24/30),2020-03-30 17:38:24+00:00,2473.0,158184,3241,413
T4nZDuakYlU,FEATURE SELECTION avec SKLEARN (23/30),2020-02-21 09:50:49+00:00,1566.0,88250,1808,296
iWdiJW1Ia1A,CORONAVIRUS (COVID-19) : L'INTELLIGENCE ARTIFICIELLE TROUVE LE VACCIN ?,2020-02-14 16:05:56+00:00,1260.0,29965,864,200
QVEJJNsz-eM,SKLEARN IMPUTER : NETTOYAGE DE DONNÉES,2020-02-06 14:59:20+00:00,722.0,68777,1076,156
41mnga4ptso,SKLEARN PIPELINE AVANCÉE,2020-02-01 12:28:08+00:00,840.0,70700,1380,156
OGWwzm304Xs,PYTHON SKLEARN PRE-PROCESSING + PIPELINE (22/30),2020-01-27 15:20:20+00:00,2263.0,151422,2865,416
zPEaC_yvL_k,Sklearn make_scorer tutoriel : Créer vos propres métriques.,2019-12-11 11:27:25+00:00,791.0,31719,703,65
_TE9fDgtOaE,"MÉTRIQUES de RÉGRESSIONS en DATA SCIENCE (Coefficient de Détermination, Erreur Quadratique, etc... )",2019-12-09 15:00:11+00:00,1081.0,94889,2157,223
VoyMOVfCSfc,CROSS-VALIDATION SKLEARN PYTHON (Techniques expliquées en Français),2019-11-20 15:00:12+00:00,1271.0,111962,2915,245
w_bLGK4Pteo,"PYTHON SKLEARN -  MODEL SELECTION : Train_test_split, Cross Validation, GridSearchCV (21/30)",2019-11-15 15:00:13+00:00,1309.0,208725,3624,505
P6kSc3qVph0,"PYTHON SKLEARN: KNN, LinearRegression et SUPERVISED LEARNING (20/30)",2019-11-02 10:00:12+00:00,1207.0,339919,5410,656
FVdOVR9ahXg,ÉQUATIONS NORMALES : D'où viennent-elles ? (Vidéo Archive juin 2019),2019-10-25 14:00:11+00:00,460.0,67240,1765,196
oHspnKWX8KU,Python 3.8 Changements importants,2019-10-22 10:24:55+00:00,418.0,9266,280,48
xYgfIRzNPlo,SEABORN PYTHON TUTORIEL PAIRPLOT etc : Les PLUS BEAUX GRAPHIQUES en 1 Ligne de Code ! (19/30),2019-10-15 14:00:12+00:00,1067.0,125499,2471,229
qHRLG5hsW9I,PANDAS PYTHON Tutoriel Français - Time Series (18/30),2019-10-10 15:30:13+00:00,1530.0,172191,2911,369
zZkNOdBWgFQ,PANDAS PYTHON Français - Introduction + Analyse du Titanic (17/30),2019-10-06 17:34:30+00:00,1050.0,285362,5753,430
P0Xr5TIML8U,"SCIPY PYTHON Tutoriel - Optimize, Fourier, NdImage (16/30)",2019-09-27 14:00:13+00:00,1812.0,135324,2693,407
MILtbfrMGL4,MATPLOTLIB - Graphiques Importants (15/30),2019-09-22 14:00:12+00:00,1479.0,152313,3310,339
O_OeWxpnUc0,MATPLOTLIB - Les Bases ! (14/30),2019-09-20 14:00:12+00:00,1133.0,199365,4339,346
lIESSFHGalA,PYTHON NUMPY BROADCASTING (13/30),2019-09-18 14:00:12+00:00,993.0,99985,2639,208
RwFiNlL4Q8g,PYTHON NUMPY STATISTIQUES et MATHÉMATIQUES (12/30),2019-09-17 14:00:09+00:00,1819.0,166064,3104,264
vw4u9uBFFqU,PYTHON NUMPY Indexing Slicing Masking (11/30),2019-09-13 15:06:49+00:00,1153.0,157491,3527,308
NzDQTrqsxas,PYTHON NUMPY machine learning (10/30),2019-09-12 14:09:18+00:00,1473.0,253569,5370,347
2LdLiCtVUEA,PYTHON PROGRAMMATION ORIENTÉE OBJET et impact en machine learning (9/30),2019-09-11 14:00:10+00:00,605.0,130318,4039,306
mSh4h-J0z1c,PYTHON MODULES ET PACKAGES (8/30),2019-09-10 14:00:12+00:00,1208.0,163413,3662,268
v7OTVy6whEY,PYTHON BUILT-IN FUNCTIONS (7/30),2019-09-09 14:00:12+00:00,1240.0,157979,3616,271
Whoe3p-sGEY,PYTHON LIST DICT COMPREHENSION (6/30),2019-09-08 14:00:14+00:00,725.0,165194,3606,257
QR-gUWAeLqs,PYTHON DICTIONNAIRES (5/30),2019-09-07 14:00:13+00:00,742.0,224146,4453,219
5UOSiCPu5aM,PYTHON LISTES et TUPLES (4/30),2019-09-06 14:00:12+00:00,1136.0,250959,5370,316
x_Jeyvw7n9I,"PYTHON IF/ELSE, WHILE, FOR (3/30)",2019-09-05 14:00:12+00:00,797.0,208830,4413,242
doFpNjdmsw8,PYTHON VARIABLES ET FONCTIONS (2/30),2019-09-04 14:00:13+00:00,902.0,297542,6619,333
82KLS2C_gNQ,FORMATION PYTHON MACHINE LEARNING (2020) (1/30),2019-09-03 14:00:13+00:00,510.0,739197,21162,1171
C0vhs1lVVjE,VISUALISER L'EVOLUTION DE SON MODÈLE DE MACHINE LEARNING,2019-08-23 14:00:11+00:00,456.0,13880,509,58
cpltYCNLIt0,RÉGRESSION LINÉAIRE MULTIPLE AVEC NUMPY - ML#9,2019-08-16 13:58:49+00:00,887.0,132191,2878,300
vG6tDQc86Rs,RÉGRESSION LINÉAIRE NUMPY - ML#8,2019-08-09 14:01:39+00:00,1408.0,158106,3723,489
NgQONgj-1m8,MACHINE LEARNING PYTHON (Teaser),2019-08-06 13:58:11+00:00,27.0,3187,94,22
8GBzamEdMOI,PYTHON : L'ESSENTIEL POUR MACHINE LEARNING - ML#7,2019-08-02 15:01:58+00:00,1004.0,145911,3371,301
8Y3r7F47Xfo,RÉGRESSION LINÉAIRE (partie 2/2) - ML#6,2019-07-26 13:57:45+00:00,817.0,168828,4551,325
a3wYV2qXcMY,MATRICES ET NUMPY - ML#5,2019-07-18 17:07:17+00:00,667.0,159130,4298,251
rcl_YRyoLIY,DESCENTE DE GRADIENT (GRADIENT DESCENT) - ML#4,2019-07-11 14:27:15+00:00,824.0,263375,8071,615
wg7-roETbbM,LA RÉGRESSION LINÉAIRE (partie 1/2) - ML#3,2019-07-03 14:47:41+00:00,699.0,326523,8150,559
K9z0OD22My4,APPRENTISSAGE SUPERVISÉ : LES 4 ÉTAPES - ML#2,2019-06-25 14:35:52+00:00,521.0,297692,8448,419
EUD07IiviJg,FORMATION MACHINE LEARNING (2019) - ML#1,2019-06-19 15:12:15+00:00,452.0,539755,14092,763
jaw5FhWx2Bk,"Comment installer ANACONDA, PYTHON, et TENSORFLOW (sans aucun bug)",2019-06-13 18:59:31+00:00,525.0,164141,3074,251
sqs8DxGhwM8,COMMENT FONCTIONNE LE MACHINE LEARNING ?,2019-04-16 06:04:01+00:00,1158.0,99106,3802,255
